-- This file is to bootstrap a database for the CS3200 project. 

-- Create a new database.  You can change the name later.  You'll
-- need this name in the FLASK API file(s),  the AppSmith 
-- data source creation.
create database cool_db;

-- Via the Docker Compose file, a special user called webapp will 
-- be created in MySQL. We are going to grant that user 
-- all privilages to the new database we just created. 
-- TODO: If you changed the name of the database above, you need 
-- to change it here too.
grant all privileges on cool_db.* to 'webapp'@'%';
flush privileges;

-- Move into the database we just created.
-- TODO: If you changed the name of the database above, you need to
-- change it here too. 
use cool_db;

-- Put your DDL 
/* airport table */
CREATE TABLE IF NOT EXISTS airport(
airportID varchar(3) NOT NULL,
name varchar(50),
city varchar(50),
  state varchar(50),
  country varchar(50),
  PRIMARY KEY (airportID)
);


/* airline table */
CREATE TABLE IF NOT EXISTS airline (
  airlineID INT AUTO_INCREMENT NOT NULL,
  name VARCHAR(50) NOT NULL,
  phone VARCHAR(20),
  email VARCHAR(50),
  rating INT CHECK (rating >= 1 AND rating <= 5),
  PRIMARY KEY (airlineID)
);


/* airplane table */
CREATE TABLE IF NOT EXISTS airplane (
  airplaneID INT AUTO_INCREMENT NOT NULL,
  model VARCHAR(50),
  capacity INT,
  airlineID INT,
  PRIMARY KEY (airplaneID),
  FOREIGN KEY (airlineID) REFERENCES airline (airlineID) ON UPDATE CASCADE ON DELETE CASCADE
);



/* travel agency table */
CREATE TABLE IF NOT EXISTS travelAgency(
  agencyID INT AUTO_INCREMENT NOT NULL PRIMARY KEY,
  website VARCHAR(100) NOT NULL,
  name VARCHAR(100),
  phone VARCHAR(20),
  ceoName VARCHAR(50)
);




/* trip advisor table */
CREATE TABLE IF NOT EXISTS tripAdvisor
(
  employeeID INT AUTO_INCREMENT NOT NULL PRIMARY KEY,
  agencyID INT,
  firstName VARCHAR(50),
  lastName VARCHAR(50),
  salary INT,
  birthDate DATE,
  email VARCHAR(100),
  phone VARCHAR(20),
  language VARCHAR(50),
  supervisor_id INT,
  FOREIGN KEY (agencyID) REFERENCES travelAgency(agencyID) ON UPDATE CASCADE ON DELETE CASCADE,
  FOREIGN KEY (supervisor_id) REFERENCES tripAdvisor(employeeID) ON UPDATE CASCADE ON DELETE CASCADE
);




/* passenger table */
CREATE TABLE IF NOT EXISTS passenger
(
  passengerID INT AUTO_INCREMENT NOT NULL,
  fName varchar(50) NOT NULL,
  lName varchar(50) NOT NULL,
  phone varchar(50),
  sex varchar(50),
  birthDate DATE,
  email varchar(50),
  street varchar(50),
  zipcode INT,
  state varchar(50),
  country varchar(50),
  tripadvisorID INT,
  PRIMARY KEY (passengerID),
  FOREIGN KEY (tripadvisorID) REFERENCES tripAdvisor(employeeID)
);


/* department table */
CREATE TABLE IF NOT EXISTS department
(
  departmentID INT AUTO_INCREMENT NOT NULL,
  departmentName varchar(50),
  airportID VARCHAR(3),
  PRIMARY KEY (departmentID),
  FOREIGN KEY (airportID) REFERENCES airport(airportID) ON UPDATE CASCADE ON DELETE CASCADE
);




/* lounge table */
CREATE TABLE IF NOT EXISTS lounge
(
  loungeID INT AUTO_INCREMENT NOT NULL,
  name varchar(50),
  airportID VARCHAR(3),
  PRIMARY KEY (loungeID),
  FOREIGN KEY (airportID) REFERENCES airport(airportID) ON UPDATE CASCADE ON DELETE CASCADE
);


/* terminal table */
CREATE TABLE IF NOT EXISTS terminal
(
  terminalID INT AUTO_INCREMENT NOT NULL,
  airportID VARCHAR(3),
  PRIMARY KEY (terminalID, airportID),
  FOREIGN KEY (airportID) REFERENCES airport(airportID)
);




/* gate table */
CREATE TABLE IF NOT EXISTS gate
(
  gateNumber INT NOT NULL,
  terminalID INT,
  PRIMARY KEY (gateNumber, terminalID),
  FOREIGN KEY (terminalID) REFERENCES terminal(terminalID) ON UPDATE CASCADE ON DELETE CASCADE
);


/* store table */
CREATE TABLE IF NOT EXISTS store
(
  storeID INT AUTO_INCREMENT NOT NULL,
  terminalID INT,
  name varchar(50),
  PRIMARY KEY (storeID),
  FOREIGN KEY (terminalID) REFERENCES terminal(terminalID)
);




/* airportEmployee table */
CREATE TABLE IF NOT EXISTS flight
(
    flightID INT AUTO_INCREMENT PRIMARY KEY ,
    seatsAvailable INT,
    airplaneID INT,
    airlineID INT,
    departureTime DATETIME,
    arrivalTime DATETIME,
    arrivalAirport VARCHAR(3),
    departureAirport VARCHAR(3),
    arrivalTerminal INT,
    departureTerminal INT,
    arrivalGate INT,
    departureGate INT,
    FOREIGN KEY (arrivalAirport) REFERENCES airport(airportID) ON UPDATE CASCADE ON DELETE CASCADE,
    FOREIGN KEY (departureAirport) REFERENCES airport(airportID) ON UPDATE CASCADE ON DELETE CASCADE,
    FOREIGN KEY (arrivalTerminal) REFERENCES terminal(terminalID) ON UPDATE CASCADE ON DELETE CASCADE,
    FOREIGN KEY (departureTerminal) REFERENCES terminal(terminalID) ON UPDATE CASCADE ON DELETE CASCADE,
    FOREIGN KEY (arrivalGate) REFERENCES gate(gateNumber) ON UPDATE CASCADE ON DELETE CASCADE,
    FOREIGN KEY (departureGate) REFERENCES gate(gateNumber) ON UPDATE CASCADE ON DELETE CASCADE,
    FOREIGN KEY (airplaneID) REFERENCES airplane(airplaneID) ON UPDATE CASCADE ON DELETE CASCADE,
    FOREIGN KEY (airlineID) REFERENCES airline(airlineID) ON UPDATE CASCADE ON DELETE CASCADE
);

/* flight table */
CREATE TABLE IF NOT EXISTS airportEmployee
(
  employeeID INT AUTO_INCREMENT NOT NULL,
  fName VARCHAR(50),
  lName VARCHAR(50),
  salary INT,
  title VARCHAR(50),
  sex VARCHAR(50),
  emailAddress VARCHAR(50),
  birthDate DATE,
  sup_id INT,
  departmentID INT,
  PRIMARY KEY (employeeID),
  FOREIGN KEY (departmentID) REFERENCES department(departmentID) ON UPDATE CASCADE ON DELETE CASCADE,
  FOREIGN KEY (sup_id) REFERENCES airportEmployee(employeeID) ON UPDATE CASCADE ON DELETE CASCADE
);


/* ticket table */
CREATE TABLE IF NOT EXISTS ticket
(
  ticketID INT AUTO_INCREMENT NOT NULL,
  flightID INT,
  seatNum VARCHAR(10),
  class VARCHAR(20),
  price DECIMAL(10, 2),
  boardingGroup CHAR(1),
  passengerID INT,
  PRIMARY KEY (ticketID),
  FOREIGN KEY (flightID) REFERENCES flight(flightID) ON UPDATE CASCADE ON DELETE CASCADE,
  FOREIGN KEY (passengerID) REFERENCES passenger(passengerID) ON UPDATE CASCADE ON DELETE CASCADE
);


/* baggage table */
CREATE TABLE IF NOT EXISTS baggage
(
  baggageID INT AUTO_INCREMENT NOT NULL,
  passengerID INT,
  ticketID INT,
  flightID INT,
  bagWeight INT,
  PRIMARY KEY (baggageID, ticketID, flightID),
  FOREIGN KEY (ticketID) REFERENCES ticket(ticketID) ON UPDATE CASCADE ON DELETE CASCADE,
  FOREIGN KEY (flightID) REFERENCES flight(flightID) ON UPDATE CASCADE ON DELETE CASCADE,
  FOREIGN KEY (passengerID) REFERENCES passenger(passengerID) ON UPDATE CASCADE ON DELETE CASCADE
);


/* airlineFlightEmployee */
CREATE TABLE IF NOT EXISTS airlineFlightEmployee (
  employeeID INT AUTO_INCREMENT NOT NULL,
  fName VARCHAR(50) NOT NULL,
  lName VARCHAR(50) NOT NULL,
  salary INT,
  title VARCHAR(50),
  sex VARCHAR(50),
  emailAddress VARCHAR(50),
  birthDate DATE,
  sup_id INT,
  airlineID INT,
  PRIMARY KEY (employeeID),
  FOREIGN KEY (airlineID) REFERENCES airline(airlineID) ON UPDATE CASCADE ON DELETE CASCADE,
  FOREIGN KEY (sup_id) REFERENCES airlineFlightEmployee(employeeID) ON UPDATE CASCADE ON DELETE CASCADE
);

CREATE TABLE IF NOT EXISTS crew (
  employeeID INT,
  flightID INT,
  FOREIGN KEY (employeeID) REFERENCES airlineFlightEmployee(employeeID) ON UPDATE CASCADE ON DELETE CASCADE,
  FOREIGN KEY (flightID) REFERENCES flight(flightID) ON UPDATE CASCADE ON DELETE CASCADE
);

-- Sample data for airport table
INSERT INTO airport (airportID, name, city, state, country) VALUES
('PAM', 'Tyndall Air Force Base', 'Santa Barbara', 'CA', 'United States'),
('PGD', 'Charlotte County Airport', 'Katy', 'TX', 'United States'),
('SHF', 'Huayuan Airport', 'Pocatello', 'ID', 'United States'),
('LGY', 'Lagunillas Airport', 'Portsmouth', 'NH', 'United States'),
('KOC', 'Koumac Airport', 'Tucson', 'AZ', 'United States'),
('PTC', 'Port Alice Seaplane Base', 'Fort Lauderdale', 'FL', 'United States'),
('MTP', 'Montauk Airport', 'Philadelphia', 'PA', 'United States'),
('SLN', 'Salina Municipal Airport', 'Amarillo', 'TX', 'United States'),
('RTM', 'Rotterdam The Hague Airport', 'El Paso', 'TX', 'United States'),
('KHN', 'Nanchang Changbei International Airport', 'Dallas', 'TX', 'United States'),
('PKG', 'Pulau Pangkor Airport', 'Lubbock', 'TX', 'United States'),
('TUV', 'Tucupita Airport', 'San Diego', 'CA', 'United States'),
('MPJ', 'Petit Jean Park Airport', 'New York City', 'NY', 'United States'),
('ASE', 'Aspen-Pitkin Co/Sardy Field', 'Sterling', 'VA', 'United States'),
('YEO', 'RNAS Yeovilton', 'Miami', 'FL', 'United States'),
('SAH', 'Sanata International Airport', 'Jacksonville', 'FL', 'United States'),
('COE', 'Coeur DAlene - Pappy Boyington Field', 'Elmira', 'NY', 'United States'),
('SJA', 'San Juan de Marcona Airport', 'Hamilton', 'OH', 'United States'),
('ALP', 'Aleppo International Airport', 'Tacoma', 'WA', 'United States'),
('MBV', 'Masa Airport', 'Las Cruces', 'NM', 'United States'),
('AII', 'Ali-Sabieh Airport', 'Long Beach', 'CA', 'United States'),
('EYS', 'Eliye Springs Airport', 'Knoxville', 'TN', 'United States'),
('ALI', 'Alice International Airport', 'Dallas', 'TX', 'United States'),
('MUX', 'Multan International Airport', 'El Paso', 'TX', 'United States'),
('VCF', 'Valcheta Airport', 'San Francisco', 'CA', 'United States'),
('BFR', 'Virgil I Grissom Municipal Airport', 'Saint Louis', 'MO', 'United States'),
('KQT', 'Qurghonteppa International Airport', 'Baltimore', 'MD', 'United States'),
('HUX', 'Bahías de Huatulco International Airport', 'Manassas', 'VA', 'United States'),
('YJS', 'Samjiyŏn Airport', 'Roanoke', 'VA', 'United States'),
('LUO', 'Luena Airport', 'Madison', 'WI', 'United States'),
('ARW', 'Arad International Airport', 'New York City', 'NY', 'United States'),
('RIC', 'Richmond International Airport', 'Wichita', 'KS', 'United States'),
('GYY', 'Gary Chicago International Airport', 'Norwalk', 'CT', 'United States'),
('SHE', 'Taoxian Airport', 'Bethesda', 'MD', 'United States'),
('KDB', 'Kambalda Airport', 'Merrifield', 'VA', 'United States'),
('ORL', 'Orlando Executive Airport', 'Cincinnati', 'OH', 'United States'),
('LDY', 'City of Derry Airport', 'Topeka', 'KS', 'United States'),
('GXF', 'Sayun International Airport', 'Vancouver', 'WA', 'United States'),
('XSB', 'Sir Bani Yas Airport', 'Wilmington', 'DE', 'United States'),
('IAD', 'Washington Dulles International Airport', 'Seattle', 'WA', 'United States'),
('CDJ', 'Conceição do Araguaia Airport', 'Des Moines', 'IA', 'United States'),
('EAN', 'Phifer Airfield', 'Washington', 'DC', 'United States'),
('MFC', 'Mafeteng Airport', 'Washington', 'DC', 'United States'),
('RYK', 'Shaikh Zaid Airport', 'Little Rock', 'AR', 'United States'),
('KBC', 'Birch Creek Airport', 'Sioux Falls', 'SD', 'United States'),
('SYT', 'Saint-Yan Airport', 'Trenton', 'NJ', 'United States'),
('RUG', 'Rugao Air Base', 'Lubbock', 'TX', 'United States'),
('LTI', 'Altai Airport', 'Norfolk', 'VA', 'United States'),
('EKI', 'Elkhart Municipal Airport', 'Birmingham', 'AL', 'United States'),
('YML', 'Charlevoix Airport', 'San Antonio', 'TX', 'United States');

-- Sample data for department table
INSERT INTO department (departmentName, airportID) VALUES
('Product Management', 'RIC'),
('Training', 'SLN'),
('Product Management', 'ALI'),
('Research and Development', 'RUG'),
('Sales', 'PGD'),
('Services', 'BFR'),
('Services', 'MBV'),
('Human Resources', 'MPJ'),
('Human Resources', 'YEO'),
('Research and Development', 'GXF'),
('Accounting', 'VCF'),
('Support', 'ORL'),
('Product Management', 'KBC'),
('Engineering', 'PGD'),
('Business Development', 'MPJ'),
('Product Management', 'HUX'),
('Training', 'YEO'),
('Legal', 'RIC'),
('Research and Development', 'ASE'),
('Business Development', 'EKI'),
('Services', 'VCF'),
('Marketing', 'GYY'),
('Business Development', 'PAM'),
('Human Resources', 'ORL'),
('Research and Development', 'MTP'),
('Legal', 'MFC'),
('Training', 'YJS'),
('Support', 'YML'),
('Human Resources', 'YJS'),
('Legal', 'LTI'),
('Engineering', 'KBC'),
('Sales', 'KQT'),
('Business Development', 'KHN'),
('Accounting', 'SHF'),
('Legal', 'SAH'),
('Accounting', 'LDY'),
('Sales', 'RYK'),
('Legal', 'VCF'),
('Accounting', 'RTM'),
('Research and Development', 'SHF'),
('Support', 'MPJ'),
('Sales', 'MBV'),
('Training', 'ALP'),
('Support', 'KOC'),
('Legal', 'YJS'),
('Legal', 'MPJ'),
('Accounting', 'COE'),
('Business Development', 'PTC'),
('Support', 'RYK'),
('Legal', 'MBV');


-- -- Sample data for lounge table
INSERT INTO lounge (name, airportID) VALUES
('Kautzer Inc', 'MBV'),
('Upton, Ryan and Hackett', 'SLN'),
('Corwin, Langosh and Blanda', 'LUO'),
('Lindgren, Rempel and Brakus', 'MUX'),
('Bernhard, Hessel and Renner', 'SHE'),
('Altenwerth, Weber and Hodkiewicz', 'MFC'),
('Prosacco-Gottlieb', 'KHN'),
('Lindgren and Sons', 'MTP'),
('Conn, Mertz and Dibbert', 'EYS'),
('Zieme, Walter and Mraz', 'EKI'),
('Weber, Kuhic and Wisozk', 'MTP'),
('Carroll Inc', 'SYT'),
('Adams, West and Beier', 'YJS'),
('Dickens, Wunsch and Schneider', 'RUG'),
('Jerde, Hilll and Moore', 'YEO'),
('Mills Inc', 'SYT'),
('Bahringer, Dicki and Kub', 'HUX'),
('Waelchi, Denesik and OKon', 'VCF'),
('Towne Group', 'KBC'),
('McKenzie, Metz and Halvorson', 'MTP'),
('Morissette, Mann and Jacobs', 'RYK'),
('Kilback, Bartoletti and Macejkovic', 'SHE'),
('Cartwright Group', 'PTC'),
('Kerluke Inc', 'ASE'),
('Rolfson Group', 'LTI'),
('Ebert, Wunsch and Kuhlman', 'EAN'),
('Brakus, Abernathy and Bailey', 'HUX'),
('Treutel, Buckridge and Rutherford', 'PAM'),
('Okuneva Inc', 'PAM'),
('Yundt and Sons', 'ARW'),
('Kunde, Hills and Bogan', 'COE'),
('Konopelski Inc', 'YJS'),
('Green, Hegmann and Bayer', 'SAH'),
('Larson Inc', 'MPJ'),
('Johns-Gulgowski', 'ASE'),
('Rohan and Sons', 'MBV'),
('Ruecker, Hickle and Ledner', 'MBV'),
('Boehm-Watsica', 'RIC'),
('Quigley, Harris and Mosciski', 'RUG'),
('Block-Wisoky', 'KQT'),
('Okuneva Inc', 'MTP'),
('Stehr-Kassulke', 'KQT'),
('Upton-Shields', 'RIC'),
('Bechtelar Inc', 'PTC'),
('Zieme-Kuhn', 'VCF'),
('McClure, Schneider and Lubowitz', 'SAH'),
('Quigley Group', 'KBC'),
('Funk Inc', 'ARW'),
('Mante, Nienow and Quigley', 'PGD'),
('Runte and Sons', 'SHF');


-- Sample data for terminal table
INSERT INTO terminal (airportID) VALUES
('SAH'),
('MBV'),
('KOC'),
('GYY'),
('TUV'),
('AII'),
('LUO'),
('ARW'),
('RIC'),
('LUO'),
('KDB'),
('SHE'),
('KHN'),
('CDJ'),
('BFR'),
('LTI'),
('KOC'),
('CDJ'),
('RUG'),
('RYK'),
('MUX'),
('YJS'),
('ASE'),
('SLN'),
('RYK'),
('RYK'),
('SAH'),
('YEO'),
('RIC'),
('ALI'),
('IAD'),
('RUG'),
('SLN'),
('AII'),
('MPJ'),
('GXF'),
('AII'),
('RYK'),
('SJA'),
('LTI'),
('RYK'),
('RTM'),
('PKG'),
('KBC'),
('KBC'),
('SYT'),
('ALI'),
('PGD'),
('KQT'),
('KHN');


-- Sample data for gate table
INSERT INTO gate (gateNumber, terminalID) VALUES
(72, 25),
(51, 29),
(60, 19),
(44, 46),
(88, 5),
(17, 30),
(81, 29),
(8, 10),
(93, 35),
(61, 24),
(80, 47),
(74, 34),
(86, 40),
(29, 32),
(20, 11),
(66, 41),
(71, 12),
(99, 47),
(97, 45),
(44, 18),
(24, 47),
(4, 42),
(97, 30),
(87, 37),
(24, 29),
(61, 3),
(38, 38),
(29, 50),
(47, 6),
(49, 2),
(76, 46),
(53, 41),
(100, 2),
(8, 24),
(97, 25),
(83, 46),
(71, 39),
(77, 33),
(5, 19),
(53, 24),
(18, 13),
(96, 25),
(96, 16),
(2, 43),
(98, 35),
(15, 17),
(77, 7),
(87, 29),
(26, 15),
(41, 5);


-- -- Sample data for store table
-- INSERT INTO store (terminalID, name) VALUES
-- (1, 'Store 1'),
-- (2, 'Store 2'),
-- (3, 'Store 3');

-- Sample data for airportEmployee table
INSERT INTO airportEmployee (fName, lName, salary, title, sex, emailAddress, birthDate, sup_id, departmentID) VALUES
('Cos', 'Gayther', 75718.4, 'Chief Design Engineer', 'Male', 'cgayther0@imageshack.us', '2023-09-30', NULL, 7),
('Aubrette', 'Witling', 162259.76, 'Assistant Media Planner', 'Female', 'awitling1@aboutads.info', '2023-07-16', 1, 36),
('Meir', 'Mabbe', 228928.33, 'Safety Technician II', 'Male', 'mmabbe2@tuttocitta.it', '2023-03-10', 2, 27),
('Concordia', 'Gages', 75133.06, 'Software Consultant', 'Female', 'cgages3@wikia.com', '2023-09-12', 3, 45),
('Dawna', 'Cromb', 52468.87, 'Structural Analysis Engineer', 'Female', 'dcromb4@ning.com', '2023-08-01', 4, 8),
('Carmina', 'Haresign', 71130.34, 'Assistant Media Planner', 'Female', 'charesign5@taobao.com', '2023-05-31', 5, 47),
('Stu', 'Bickford', 134431.38, 'Cost Accountant', 'Male', 'sbickford6@studiopress.com', '2022-12-17', 6, 10),
('Tabbatha', 'MacCrann', 90452.72, 'Cost Accountant', 'Female', 'tmaccrann7@mapy.cz', '2023-10-04', 7, 33),
('Abran', 'Worsall', 290966.08, 'Marketing Assistant', 'Male', 'aworsall8@blog.com', '2023-07-28', 8, 14),
('Tod', 'Camilleri', 87653.24, 'VP Product Management', 'Male', 'tcamilleri9@domainmarket.com', '2023-10-21', 9, 6),
('Reilly', 'Giovannelli', 82769.14, 'Computer Systems Analyst IV', 'Male', 'rgiovannellia@ihg.com', '2022-12-31', 10, 47),
('Beltran', 'Rands', 206589.31, 'Help Desk Operator', 'Male', 'brandsb@nationalgeographic.com', '2023-07-26', 11, 30),
('Lucius', 'Bradtke', 52545.24, 'Registered Nurse', 'Male', 'lbradtkec@last.fm', '2023-06-23', 12, 50),
('Letta', 'Long', 224139.45, 'Engineer II', 'Female', 'llongd@github.io', '2023-05-28', 13, 41),
('Ximenes', 'Bazell', 207815.28, 'Web Designer I', 'Male', 'xbazelle@dailymail.co.uk', '2023-01-10', 14, 43),
('Vail', 'Laban', 124776.85, 'Help Desk Technician', 'Male', 'vlabanf@de.vu', '2023-03-02', 15, 25),
('Langsdon', 'Vorley', 99571.36, 'Systems Administrator IV', 'Male', 'lvorleyg@indiatimes.com', '2023-10-26', 16, 42),
('Georgia', 'Painter', 227823.19, 'Director of Sales', 'Agender', 'gpainterh@nba.com', '2023-03-15', 17, 37),
('Coriss', 'Hosby', 120741.54, 'Help Desk Technician', 'Female', 'chosbyi@psu.edu', '2023-06-16', 18, 25),
('Brnaby', 'Middis', 244461.69, 'Teacher', 'Male', 'bmiddisj@google.nl', '2023-09-03', 19, 8),
('Lyle', 'Bulward', 128106.52, 'Compensation Analyst', 'Male', 'lbulwardk@mlb.com', '2023-03-24', 20, 37),
('Selene', 'Brecon', 262256.86, 'Editor', 'Female', 'sbreconl@networksolutions.com', '2023-05-21', 21, 7),
('Olenolin', 'Littleproud', 64103.02, 'Media Manager I', 'Male', 'olittleproudm@phoca.cz', '2023-03-23', 22, 5),
('Kearney', 'MacCurlye', 88909.22, 'Engineer IV', 'Male', 'kmaccurlyen@npr.org', '2023-11-18', 23, 38),
('Andra', 'McMillan', 88972.35, 'Business Systems Development Analyst', 'Female', 'amcmillano@washington.edu', '2023-09-23', 24, 48),
('Lenard', 'Meadus', 237937.43, 'General Manager', 'Male', 'lmeadusp@digg.com', '2023-07-23', 25, 7),
('Laurie', 'Bertie', 68870.95, 'Chemical Engineer', 'Female', 'lbertieq@springer.com', '2023-07-27', 26, 50),
('Warden', 'Headley', 86720.39, 'Environmental Tech', 'Male', 'wheadleyr@domainmarket.com', '2023-02-19', 27, 13),
('Dolly', 'Blanshard', 183219.24, 'Compensation Analyst', 'Female', 'dblanshards@ibm.com', '2023-02-12', 28, 39),
('Cullen', 'Schoolcroft', 139234.11, 'Statistician I', 'Male', 'cschoolcroftt@webmd.com', '2023-11-14', 29, 44),
('Donall', 'Townley', 201361.19, 'Help Desk Operator', 'Male', 'dtownleyu@foxnews.com', '2023-06-24', 30, 20),
('Tam', 'Soldner', 109060.4, 'Senior Quality Engineer', 'Male', 'tsoldnerv@facebook.com', '2023-07-28', 31, 18),
('Mignon', 'Dykes', 103156.93, 'Professor', 'Female', 'mdykesw@state.gov', '2023-02-21', 32, 3),
('Kellia', 'Gladstone', 57210.86, 'Sales Representative', 'Female', 'kgladstonex@apache.org', '2023-11-12', 33, 16),
('Rozanne', 'Canwell', 255345.02, 'Executive Secretary', 'Female', 'rcanwelly@unicef.org', '2023-10-20', 34, 31),
('Wilmette', 'McAreavey', 276096.59, 'Tax Accountant', 'Female', 'wmcareaveyz@surveymonkey.com', '2023-10-27', 35, 18),
('Nickolaus', 'Levitt', 148876.56, 'Automation Specialist I', 'Bigender', 'nlevitt10@auda.org.au', '2023-11-13', 36, 9),
('Christina', 'Schuh', 53118.49, 'Mechanical Systems Engineer', 'Female', 'cschuh11@pen.io', '2023-10-16', 37, 38),
('Keane', 'Bolf', 108923.82, 'Help Desk Technician', 'Male', 'kbolf12@youtu.be', '2023-08-06', 38, 17),
('Brig', 'Jobin', 157667.97, 'Senior Developer', 'Male', 'bjobin13@dailymail.co.uk', '2023-04-17', 39, 26),
('Shay', 'Demangel', 84146.77, 'Structural Engineer', 'Male', 'sdemangel14@ox.ac.uk', '2023-08-20', 40, 2),
('Greta', 'Copp', 208049.89, 'Engineer II', 'Female', 'gcopp15@facebook.com', '2023-02-21', 41, 2),
('Elihu', 'Marshalleck', 86432.64, 'Accountant I', 'Male', 'emarshalleck16@usatoday.com', '2023-10-27', 42, 42),
('Nero', 'Yven', 148727.56, 'Accounting Assistant I', 'Bigender', 'nyven17@netscape.com', '2023-05-28', 43, 46),
('Elsie', 'Bum', 271072.39, 'Accountant II', 'Female', 'ebum18@squidoo.com', '2023-08-08', 44, 34),
('Timothy', 'Bradtke', 268038.92, 'Nurse', 'Male', 'tbradtke19@github.io', '2023-06-22', 45, 17),
('Jacky', 'Chislett', 280575.36, 'Assistant Manager', 'Female', 'jchislett1a@mysql.com', '2023-01-29', 46, 49),
('Rahal', 'Slocomb', 184747.93, 'Geological Engineer', 'Female', 'rslocomb1b@dion.ne.jp', '2023-08-28', 47, 37),
('Ashla', 'Sweetsur', 251559.1, 'Senior Developer', 'Non-binary', 'asweetsur1c@hibu.com', '2023-04-28', 48, 2),
('Tuck', 'Konzel', 222466.46, 'Environmental Tech', 'Male', 'tkonzel1d@harvard.edu', '2023-05-23', 49, 43);


-- Sample data for airline table
INSERT INTO airline (name, phone, email, rating) VALUES
('Graham-Keebler', '920-832-7568', 'mnoyes0@springer.com', 3),
('Hoppe Inc', '610-785-3660', 'tregorz1@fotki.com', 3),
('Paucek-Keeling', '207-982-8394', 'otourne2@rediff.com', 2),
('Ebert LLC', '335-223-7308', 'egrint3@histats.com', 3),
('Hartmann, Macejkovic and Sporer', '288-670-3657', 'dkeri4@mtv.com', 2),
('Cormier, Boyer and Legros', '676-743-7942', 'fskeemer5@cbsnews.com', 1),
('Kub-Quigley', '661-967-8172', 'jrowles6@lycos.com', 2),
('Lebsack-Jacobs', '448-810-3352', 'kunderhill7@wsj.com', 4),
('Cruickshank, Hyatt and Lueilwitz', '666-670-2218', 'bdeluca8@theglobeandmail.com', 4),
('Beahan, Dibbert and Buckridge', '529-281-0757', 'pleckenby9@com.com', 4),
('Little-Feeney', '966-328-1572', 'jbeatsona@wp.com', 2),
('Frami, Senger and Brekke', '597-216-9244', 'hchillingsworthb@va.gov', 1),
('Kihn LLC', '238-251-3484', 'dfaggec@deviantart.com', 3),
('Denesik-Kessler', '961-200-5393', 'shatjed@addtoany.com', 4),
('Kuhn, Boyer and Bartell', '544-402-0140', 'tromushkine@123-reg.co.uk', 4),
('Windler Group', '838-818-1261', 'sheintzschf@desdev.cn', 2),
('Carter LLC', '378-744-7050', 'mbaudessong@harvard.edu', 4),
('Konopelski, Durgan and Gusikowski', '970-900-7985', 'afenelonh@boston.com', 5),
('Koch Group', '643-598-8680', 'iweatherbyi@bbc.co.uk', 4),
('Bosco-Williamson', '257-404-3174', 'bmostinj@skyrock.com', 4),
('Sanford, Dickinson and Adams', '357-218-8329', 'hrudyardk@google.nl', 5),
('Schowalter Group', '116-722-0339', 'adodameadl@nih.gov', 3),
('Pfeffer-Bruen', '379-648-5075', 'cchesterm@mediafire.com', 3),
('Dicki-Cruickshank', '174-778-7215', 'ypoulettn@jigsy.com', 1),
('Murray-Herzog', '199-394-8238', 'hstonaryo@china.com.cn', 4),
('Reinger, Pollich and OKeefe', '577-749-1142', 'ykeeganp@example.com', 3),
('Bartell-Volkman', '853-626-3689', 'aklimentyevq@time.com', 4),
('Schimmel-Hagenes', '114-403-8623', 'tpattyr@telegraph.co.uk', 1),
('Mann-Jast', '160-908-2078', 'aleppingwells@wix.com', 1),
('Hayes-Olson', '587-523-9146', 'nbardeyt@theatlantic.com', 4),
('Mueller, Kunze and Adams', '560-545-8187', 'aisleyu@etsy.com', 5),
('Rempel Group', '477-913-1977', 'obrownhillv@gizmodo.com', 5),
('Terry, Champlin and Hudson', '125-556-0668', 'knicholesw@google.de', 5),
('Johns and Sons', '106-139-4717', 'jpreskettx@theglobeandmail.com', 2),
('Jast LLC', '711-818-0615', 'vtiddemany@shinystat.com', 2),
('Koch, Gutkowski and Murphy', '858-545-1685', 'twalewskiz@seesaa.net', 2),
('Rodriguez, Osinski and Vandervort', '213-929-5429', 'dharsum10@yellowbook.com', 5),
('Altenwerth-Gutkowski', '216-299-1766', 'jyegorev11@1688.com', 5),
('McGlynn-Hessel', '449-421-0958', 'adiack12@people.com.cn', 2),
('Wintheiser LLC', '688-283-0391', 'clachaize13@mtv.com', 3),
('Baumbach LLC', '935-242-4982', 'ihaithwaite14@taobao.com', 5),
('Harris-Goodwin', '783-114-3860', 'cfrome15@buzzfeed.com', 4),
('DuBuque Group', '630-184-8068', 'dfearnley16@ovh.net', 4),
('Bradtke-Wiza', '434-787-4930', 'aslot17@dedecms.com', 5),
('Gusikowski, Heathcote and Watsica', '945-217-7011', 'sbatte18@wufoo.com', 5),
('Roob LLC', '730-131-6444', 'jdavidsen19@bing.com', 5),
('Littel, Mayer and Considine', '373-295-5570', 'bnazer1a@biblegateway.com', 5),
('Grady-Collins', '301-113-8910', 'afuentes1b@google.com.au', 3),
('Ebert, Klocko and Ebert', '743-426-7914', 'lkelly1c@barnesandnoble.com', 5),
('Fadel, Connelly and Kohler', '931-238-7056', 'bsifleet1d@cisco.com', 1);


-- Sample data for airplane table
INSERT INTO airplane (model, capacity, airlineID) VALUES
('Tracker', 126, 12),
('Escalade', 125, 41),
('GX', 132, 33),
('Avalon', 100, 6),
('Highlander', 104, 18),
('Outlander', 108, 39),
('Mazda6 Sport', 100, 24),
('Thunderbird', 131, 26),
('MKX', 107, 12),
('Cougar', 143, 34),
('V8 Vantage', 112, 6),
('Ram Van 1500', 101, 13),
('200SX', 119, 41),
('CR-V', 146, 2),
('Diablo', 102, 5),
('Ram Van 1500', 119, 29),
('B-Series', 104, 20),
('Mirage', 114, 44),
('Econoline E250', 114, 43),
('Lanos', 113, 44),
('LTD', 103, 42),
('Rally Wagon 2500', 145, 41),
('45174', 112, 17),
('SL-Class', 110, 47),
('LS', 145, 10),
('Prizm', 112, 6),
('Passat', 146, 41),
('Ram Van 2500', 150, 20),
('PT Cruiser', 110, 3),
('LHS', 114, 36),
('Escape', 111, 46),
('2500', 116, 38),
('Jetta', 119, 17),
('Sportage', 119, 18),
('Edge', 108, 37),
('F-Series', 138, 19),
('Econoline E150', 110, 42),
('Suburban 2500', 115, 36),
('LX', 111, 18),
('525', 108, 34),
('Sequoia', 145, 5),
('Miata MX-5', 102, 26),
('1 Series', 130, 25),
('X-Type', 111, 41),
('Escape', 103, 2),
('Taurus', 117, 16),
('S6', 111, 32),
('Murano', 101, 50),
('Corvette', 111, 25),
('Edge', 103, 44);


-- Sample data for flight table
INSERT INTO flight (seatsAvailable, airplaneID, airlineID,
                    departureTime, arrivalTime, arrivalAirport, departureAirport,
                    arrivalTerminal, departureTerminal, arrivalGate, departureGate) VALUES
(2, 14, 1, '2004-03-28 20:21:53', '2023-07-12 01:04:05', 'MUX', 'YML', 43, 42, 97, 71),
(24, 16, 1, '2001-05-24 13:15:53', '2018-11-29 04:18:06', 'LGY', 'YJS', 5, 22, 20, 87),
(62, 50, 1, '2020-08-13 08:26:34', '2001-01-08 22:09:33', 'PAM', 'KOC', 10, 35, 61, 20),
(35, 33, 1, '2009-05-07 09:59:51', '2002-11-24 05:23:02', 'PTC', 'YJS', 31, 27, 66, 100),
(81, 18, 1, '2010-07-23 18:26:46', '2011-06-06 16:07:16', 'YJS', 'COE', 42, 10, 74, 41),
(0, 20, 8, '2008-12-22 06:41:46', '2018-10-06 22:01:29', 'ARW', 'AII', 16, 11, 77, 61),
(11, 33, 23, '2011-01-01 18:06:06', '2021-02-10 15:58:45', 'GXF', 'SAH', 43, 1, 60, 17),
(28, 23, 21, '2019-01-19 04:56:25', '2023-09-28 21:27:08', 'RYK', 'LUO', 35, 31, 98, 44),
(43, 38, 28, '2017-12-18 17:46:37', '2001-12-09 03:11:54', 'EAN', 'TUV', 22, 6, 81, 24),
(66, 22, 24, '2009-06-10 07:32:36', '2017-01-13 18:37:39', 'PGD', 'ALP', 18, 37, 86, 20),
(82, 14, 10, '2004-03-17 00:50:41', '2015-06-08 12:21:02', 'YJS', 'KBC', 48, 6, 53, 17),
(70, 35, 5, '2012-10-30 00:20:14', '2017-03-17 07:38:13', 'RUG', 'EKI', 6, 2, 53, 24),
(37, 6, 22, '2021-06-28 21:55:44', '2017-07-20 16:06:49', 'KHN', 'KBC', 27, 10, 26, 81),
(15, 49, 29, '2022-12-05 12:15:24', '2019-02-22 14:05:51', 'PGD', 'YJS', 19, 25, 38, 29),
(30, 50, 25, '2008-08-16 22:26:42', '2011-02-17 06:06:32', 'PAM', 'COE', 15, 41, 71, 83),
(57, 42, 46, '2013-05-08 13:51:42', '2010-05-15 14:58:15', 'AII', 'ORL', 36, 49, 2, 87),
(74, 15, 46, '2006-01-25 09:12:33', '2005-05-05 05:59:12', 'KOC', 'KDB', 13, 49, 87, 53),
(14, 31, 32, '2012-11-25 01:44:22', '2013-02-13 09:27:44', 'ARW', 'EYS', 20, 25, 97, 93),
(30, 32, 42, '2007-12-18 10:05:12', '2022-03-20 03:33:27', 'RIC', 'KOC', 27, 48, 44, 53),
(8, 47, 43, '2013-10-31 02:33:36', '2018-10-17 15:10:16', 'KHN', 'MUX', 22, 23, 53, 86),
(33, 22, 41, '2022-01-09 23:29:31', '2012-06-15 11:52:28', 'GYY', 'SLN', 25, 37, 72, 4),
(20, 19, 33, '2014-04-14 06:10:50', '2015-10-07 02:02:26', 'ARW', 'XSB', 37, 10, 97, 61),
(62, 45, 9, '2001-01-12 07:54:26', '2023-05-11 23:25:30', 'PGD', 'KHN', 5, 43, 38, 53),
(40, 14, 37, '2016-09-11 11:45:55', '2021-05-27 14:38:29', 'COE', 'ARW', 32, 8, 71, 41),
(25, 30, 46, '2008-07-29 19:43:06', '2017-04-18 22:13:15', 'YJS', 'MBV', 22, 9, 44, 61),
(9, 35, 24, '2006-10-05 08:37:36', '2022-06-08 10:05:20', 'RYK', 'PKG', 4, 26, 5, 53),
(4, 7, 46, '2009-11-27 00:45:52', '2011-09-28 19:16:00', 'RIC', 'SHF', 4, 15, 61, 18),
(69, 27, 27, '2012-01-21 16:16:15', '2005-12-01 14:25:22', 'SHF', 'TUV', 43, 20, 18, 53),
(56, 35, 43, '2010-04-21 17:30:07', '2014-11-09 04:01:41', 'VCF', 'EKI', 37, 19, 17, 53),
(46, 16, 27, '2018-01-03 01:32:09', '2007-06-18 20:45:33', 'IAD', 'ASE', 37, 47, 44, 87),
(18, 8, 17, '2002-04-27 15:58:26', '2016-10-28 11:26:01', 'CDJ', 'SAH', 15, 22, 83, 80),
(64, 8, 13, '2006-10-21 15:04:40', '2017-06-30 06:15:46', 'LGY', 'SHE', 42, 37, 87, 77),
(53, 45, 47, '2015-12-11 20:23:15', '2005-05-08 09:07:23', 'YJS', 'ASE', 13, 3, 74, 72),
(73, 40, 5, '2016-09-11 03:55:24', '2008-12-31 06:24:52', 'KOC', 'EAN', 10, 2, 66, 4),
(4, 9, 36, '2012-06-10 15:28:15', '2015-05-08 22:24:07', 'RIC', 'EYS', 36, 7, 4, 38),
(29, 39, 37, '2001-01-01 06:22:48', '2003-06-29 17:08:02', 'EKI', 'MFC', 21, 31, 100, 77),
(27, 49, 4, '2016-08-16 23:35:43', '2005-03-03 14:06:04', 'LTI', 'ASE', 35, 22, 96, 60),
(80, 1, 1, '2015-11-19 01:04:50', '2013-04-15 05:51:30', 'MUX', 'LTI', 14, 6, 60, 97),
(67, 38, 26, '2011-12-06 03:06:58', '2013-09-16 18:21:56', 'YML', 'EYS', 41, 49, 61, 72),
(35, 14, 28, '2010-04-12 02:06:14', '2012-08-01 04:37:15', 'ALI', 'LGY', 18, 2, 96, 17),
(88, 11, 48, '2015-06-17 06:02:37', '2017-08-19 03:45:41', 'VCF', 'YEO', 47, 45, 44, 5),
(7, 1, 40, '2003-04-23 11:18:00', '2007-07-18 19:30:56', 'SLN', 'PKG', 42, 44, 71, 61),
(100, 33, 26, '2008-02-29 06:48:42', '2023-03-30 11:00:45', 'LUO', 'EKI', 2, 32, 8, 66),
(51, 33, 13, '2006-07-03 00:08:08', '2007-03-13 05:36:50', 'MBV', 'SJA', 36, 15, 83, 49),
(65, 18, 13, '2017-03-28 17:34:10', '2019-11-05 06:10:56', 'VCF', 'EAN', 1, 26, 76, 96),
(58, 46, 45, '2007-05-26 05:46:05', '2011-10-09 18:03:49', 'MTP', 'TUV', 35, 44, 29, 44),
(13, 3, 10, '2004-06-24 21:48:37', '2013-11-02 19:50:56', 'RYK', 'LGY', 21, 27, 98, 99),
(84, 6, 16, '2002-03-19 22:18:02', '2018-09-08 07:52:55', 'LTI', 'YJS', 19, 43, 26, 100),
(75, 45, 28, '2012-06-04 23:02:17', '2012-09-05 19:43:54', 'YML', 'GXF', 9, 32, 60, 66),
(84, 29, 7, '2023-04-01 20:22:31', '2009-12-12 21:19:21', 'EAN', 'KBC', 39, 38, 66, 44);

-- Sample data for airlineflightEmployee table
INSERT INTO airlineFlightEmployee (fName, lName, salary, title, sex, emailAddress, birthDate, airlineID) VALUES
('Nico', 'Bolte', 80874, 'Load Planner', 'M', 'nbolte0@sciencedirect.com', '1921-11-25', 46),
('Doll', 'Scarlon', 239875, 'Chief Pilot', 'F', 'dscarlon1@cmu.edu', '1983-11-25', 7),
('Carlo', 'Heinzler', 212381, 'Air Traffic Controller', 'M', 'cheinzler2@bizjournals.com', '2015-06-01', 17),
('Corney', 'Elfe', 237359, 'Catering Coordinator', 'M', 'celfe3@ask.com', '1995-01-18', 50),
('Felicity', 'Winckworth', 162265, 'Aircraft Interior Designer', 'F', 'fwinckworth4@mediafire.com', '1958-04-11', 31),
('Saidee', 'Trevance', 136645, 'Customer Service Representative', 'F', 'strevance5@google.com', '1977-04-01', 49),
('Judd', 'Charer', 58385, 'Cabin Crew Manager', 'M', 'jcharer6@gnu.org', '1945-04-11', 35),
('Albertine', 'Zapata', 267339, 'Airline Manager', 'F', 'azapata7@i2i.jp', '2020-06-18', 17),
('Hunfredo', 'Folger', 293500, 'Aircraft Cleaner', 'M', 'hfolger8@wordpress.org', '2008-10-24', 5),
('Della', 'Wilflinger', 107427, 'In-Flight Entertainment Specialist', 'F', 'dwilflinger9@deliciousdays.com', '1928-10-01', 44),
('Terrel', 'Dibbe', 59555, 'Airline IT Specialist', 'M', 'tdibbea@alibaba.com', '1922-07-29',  50),
('Evita', 'Glencros', 224919, 'Gate Agent', 'F', 'eglencrosb@uiuc.edu', '1942-10-22', 14),
('Walt', 'Mizzi', 154847, 'Aircraft Maintenance Technician', 'M', 'wmizzic@yahoo.com', '1990-08-07', 33),
('Amie', 'Micheau', 152450, 'Chief Pilot', 'F', 'amicheaud@skype.com', '1943-09-19', 14),
('Darlene', 'Ayrs', 147708, 'Ramp Supervisor', 'F', 'dayrse@opensource.org', '1940-02-17', 28),
('Sebastien', 'Graine', 87580, 'Flight Dispatcher', 'M', 'sgrainef@ftc.gov', '1980-10-18', 42),
('Tamqrah', 'Kerwen', 274624, 'Airline Finance Analyst', 'F', 'tkerweng@weather.com', '2014-06-05', 47),
('Abbe', 'Speechly', 220722, 'Line Maintenance Technician', 'F', 'aspeechlyh@goo.ne.jp', '2019-05-07', 44),
('Janot', 'Fairbard', 161205, 'Crew Resource Planner', 'F', 'jfairbardi@tumblr.com', '2022-12-25', 19),
('Caryn', 'Lytton', 265706, 'Ramp Supervisor', 'F', 'clyttonj@shareasale.com', '1994-10-06', 8),
('Gipsy', 'Longstaffe', 74517, 'Co-pilot', 'F', 'glongstaffek@ibm.com', '1957-01-13', 46),
('Selina', 'Bedford', 53345, 'Airline IT Specialist', 'F', 'sbedfordl@tumblr.com', '1961-09-28', 24),
('Pearce', 'Credland', 206771, 'Crew Resource Planner', 'M', 'pcredlandm@yolasite.com', '1933-07-23', 44),
('Gardie', 'Orchart', 148359, 'Safety Inspector', 'M', 'gorchartn@bbc.co.uk', '1970-05-02', 7),
('Karena', 'Capinetti', 235349, 'Flight Attendant', 'F', 'kcapinettio@miibeian.gov.cn', '1992-04-07', 46),
('Dante', 'Kernell', 121117, 'Cargo Agent', 'M', 'dkernellp@ow.ly', '1938-11-21', 5),
('Amos', 'Klementz', 270239, 'Cargo Agent', 'M', 'aklementzq@marriott.com', '1959-06-18', 5),
('Guenna', 'McMurty', 239190, 'Gate Agent', 'F', 'gmcmurtyr@macromedia.com', '1949-07-27', 12),
('Karla', 'Trotton', 160607, 'Baggage Handler', 'F', 'ktrottons@behance.net', '2005-03-28', 17),
('Hakim', 'Ferraresi', 293990, 'Flight Attendant', 'M', 'hferraresit@google.com.br', '1922-11-14', 40),
('Xever', 'Westoll', 142002, 'Passenger Service Supervisor', 'M', 'xwestollu@mlb.com', '1931-09-27', 25),
('Aryn', 'Itzhayek', 244578, 'Catering Coordinator', 'F', 'aitzhayekv@theglobeandmail.com', '1953-02-15', 24),
('Hanson', 'Zute', 289023, 'Fleet Manager', 'M', 'hzutew@discovery.com', '1928-03-28', 18),
('Letty', 'Dewitt', 246258, 'Gate Agent', 'F', 'ldewittx@cam.ac.uk', '2015-12-16', 32),
('Marleen', 'Bernardot', 166550, 'Airline Marketing Specialist', 'F', 'mbernardoty@symantec.com', '1922-04-27', 2),
('Emylee', 'Bourgeois', 108297, 'Communications Specialist', 'F', 'ebourgeoisz@g.co', '1967-04-26', 24),
('Lucille', 'McConville', 90816, 'Fleet Manager', 'F', 'lmcconville10@adobe.com', '1961-08-09', 29),
('Jae', 'Munt', 228788, 'Aircraft Engineer', 'M', 'jmunt11@illinois.edu', '2000-12-20', 27),
('Donavon', 'Leake', 284786, 'Aircraft Mechanic', 'M', 'dleake12@squidoo.com', '1999-08-15', 48),
('Meryl', 'Bonn', 264079, 'Aircraft Cleaner', 'M', 'mbonn13@chronoengine.com', '1972-04-08', 36),
('Lauren', 'Winterbottom', 156355, 'Ramp Supervisor', 'M', 'lwinterbottom14@springer.com', '1921-05-06', 38),
('Torr', 'Janicijevic', 227669, 'Passenger Service Supervisor', 'M', 'tjanicijevic15@twitter.com', '2021-02-09', 41),
('Ardith', 'Cliburn', 114006, 'Passenger Service Supervisor', 'F', 'acliburn16@hugedomains.com', '1981-03-18', 25),
('Dion', 'Uzielli', 265101, 'Flight Dispatcher', 'F', 'duzielli17@sbwire.com', '1925-10-17', 7),
('Shantee', 'Falk', 164589, 'Regulatory Compliance Specialist', 'F', 'sfalk18@zdnet.com', '2019-04-01', 47),
('Adrian', 'Reape', 166772, 'Crew Chief', 'F', 'areape19@nydailynews.com', '1977-05-03', 8),
('Bartholomeus', 'Scrowby', 113912, 'Passenger Experience Manager', 'M', 'bscrowby1a@discovery.com', '2007-02-22', 45),
('Lucio', 'Bright', 124314, 'Airline Finance Analyst', 'M', 'lbright1b@blogger.com', '1944-10-03', 26),
('Hillie', 'Paolini', 86899, 'Reservation Agent', 'M', 'hpaolini1c@about.me', '1948-09-16', 50),
('Pooja', 'Prabu', 07932, 'Airflight Captain', 'F', 'poojaprabunortheastern@edu.me', '2004-05-29', 2);



-- Sample data for travelAgency table
INSERT INTO travelAgency (website, name, phone, ceoName) VALUES
('patch.com', 'Turcotte Inc', '467-406-8351', 'Ryan Serrier'),
('photobucket.com', 'Gorczany, Von and Upton', '337-468-2722', 'Marlo Alenin'),
('globo.com', 'Hagenes-Maggio', '102-853-4211', 'Bobbie Phifer'),
('noaa.gov', 'Sawayn, Keebler and Collins', '474-455-8405', 'Elias Arnould'),
('oakley.com', 'Erdman-Shanahan', '672-567-6960', 'Beckie Kyndred'),
('bravesites.com', 'Maggio Inc', '350-950-7534', 'Gabrielle Iwaszkiewicz'),
('w3.org', 'Davis-Haley', '698-671-7544', 'Winifred Dreigher'),
('lulu.com', 'Kozey, Nolan and McCullough', '112-270-7638', 'Meg Mulran'),
('answers.com', 'Casper, Runolfsdottir and Funk', '500-228-6405', 'Margot McEvilly'),
('deliciousdays.com', 'Jacobson, Rogahn and Walsh', '190-932-5163', 'Annalise Teggart'),
('shutterfly.com', 'Walter LLC', '860-635-5605', 'Kelly Klammt'),
('ucoz.ru', 'Harris LLC', '458-131-3011', 'Hadria Murrigans'),
('slashdot.org', 'Roberts and Sons', '799-284-8878', 'Julianna OLoughnan'),
('utexas.edu', 'Ritchie Group', '521-872-9781', 'Deloris Patey'),
('creativecommons.org', 'Greenfelder-Koepp', '285-693-7238', 'Junina Keech'),
('bloomberg.com', 'Towne, Murazik and Wiegand', '531-513-3419', 'Lemmy Seagar'),
('hatena.ne.jp', 'Moen, Tromp and Beahan', '802-870-7839', 'Gearard McCerery'),
('rakuten.co.jp', 'Satterfield-Sauer', '494-589-1983', 'Kylila Spinke'),
('discuz.net', 'Turner, Blanda and Howell', '498-215-7411', 'Trula Caton'),
('vk.com', 'Harvey-Jenkins', '874-127-5232', 'Julie Biskup'),
('usa.gov', 'Halvorson-Johnston', '329-764-3663', 'Nelli Cherrett'),
('altervista.org', 'Ullrich-Stoltenberg', '398-428-4371', 'Channa Fell'),
('prweb.com', 'Gottlieb Group', '673-830-8763', 'Valentia Lepard'),
('jugem.jp', 'Ledner-Wisoky', '603-716-1109', 'Nariko Scallan'),
('theguardian.com', 'Bahringer, Howell and Mann', '393-847-9375', 'Gilly Bydaway'),
('twitter.com', 'Fritsch and Sons', '210-781-8756', 'Eugene Prawle'),
('npr.org', 'Trantow, Cremin and Cole', '590-534-2384', 'Corie Ranyard'),
('godaddy.com', 'Bashirian-Johnson', '759-742-5665', 'Arlen McDuff'),
('arstechnica.com', 'Reichel-Bashirian', '760-185-8150', 'Maynord Lavens'),
('multiply.com', 'Pfannerstill Inc', '869-546-8242', 'Minnnie Guerola'),
('pinterest.com', 'Schaefer Group', '405-741-0989', 'Kelsi Redington'),
('hugedomains.com', 'King-King', '483-712-3477', 'Kandace Woodson'),
('narod.ru', 'Will-Walker', '857-835-4204', 'Nerty Embery'),
('homestead.com', 'Gutmann and Sons', '518-884-9241', 'Maury Pummell'),
('yahoo.co.jp', 'Hand, Schmeler and Berge', '233-366-2664', 'Genny Gentil'),
('clickbank.net', 'Homenick-Kutch', '140-474-8451', 'Morganne Airey'),
('apple.com', 'Walsh-Rolfson', '400-126-8390', 'Willette Bottrell'),
('nih.gov', 'Koch-Boyle', '957-979-1597', 'Eolande Catherick'),
('eventbrite.com', 'Wunsch-Wolf', '476-287-8693', 'Lucias Danieli'),
('altervista.org', 'Johns-Hahn', '774-651-7893', 'Berkley Stitfall'),
('indiatimes.com', 'White, Bode and Schuppe', '528-515-5353', 'Aida Izakson'),
('nymag.com', 'Toy, Jacobson and Hamill', '507-367-2688', 'Eben Inglesent'),
('webs.com', 'Casper-Bogisich', '251-373-2901', 'Jemmy Bailiss'),
('hibu.com', 'Moore Group', '413-865-6070', 'Aggy Armfirld'),
('hao123.com', 'Murray-Lemke', '381-444-1486', 'Dari Woolfenden'),
('blinklist.com', 'Jenkins, Stokes and Gulgowski', '829-390-1218', 'Chlo Ambrogi'),
('is.gd', 'Flatley-Robel', '466-148-1569', 'Quinton McDade'),
('ucla.edu', 'Larson, Gibson and Herzog', '983-943-8086', 'Wye Pearcehouse'),
('vinaora.com', 'Armstrong, Carroll and Medhurst', '174-475-0446', 'Matty Safe'),
('wordpress.org', 'Conn-Olson', '999-668-7043', 'Felita Durker');


-- Sample data for tripAdvisor table
INSERT INTO tripAdvisor (agencyID, firstName, lastName, salary, birthDate, email, phone, language, supervisor_id) VALUES
(4, 'Darbie', 'Wherry', 186226.97, '1968-10-23', 'dwherry0@wikipedia.org', '787-225-4918', 'Bengali', NULL),
(9, 'Lavinie', 'Antonetti', 150907.39, '1932-05-01', 'lantonetti1@meetup.com', '566-543-5585', 'Polish', 1),
(46, 'Pamella', 'Everist', 150552.17, '1927-03-05', 'peverist2@wikipedia.org', '121-326-1446', 'Arabic', 2),
(28, 'Tobey', 'Burdess', 197702.15, '2001-02-23', 'tburdess3@engadget.com', '607-128-1635', 'Icelandic', 3),
(37, 'Carrissa', 'Dobel', 289620.58, '1905-09-03', 'cdobel4@vimeo.com', '398-331-8797', 'Danish', 4),
(4, 'Chip', 'Guitel', 149019.81, '1942-02-23', 'cguitel5@shop-pro.jp', '524-902-6655', 'Tok Pisin', 5),
(4, 'Shoshanna', 'Gerardeaux', 115174.55, '1933-12-23', 'sgerardeaux6@comsenz.com', '482-272-4120', 'New Zealand Sign Language', 6),
(48, 'Kit', 'Halwill', 283090.67, '1969-06-04', 'khalwill7@eventbrite.com', '401-905-7358', 'Tswana', 7),
(25, 'Adrienne', 'Dabbes', 87462.75, '2018-10-10', 'adabbes8@mediafire.com', '706-872-6634', 'Northern Sotho', 8),
(47, 'Rivkah', 'Rasell', 216255.05, '1941-06-18', 'rrasell9@cbc.ca', '361-410-2082', 'Kannada', 9),
(29, 'Pincus', 'Nottingham', 108217.53, '1953-02-17', 'pnottinghama@paypal.com', '528-555-3068', 'Pashto', 10),
(35, 'Garwood', 'Lamanby', 258316.74, '1998-06-20', 'glamanbyb@abc.net.au', '954-245-0116', 'Khmer', 11),
(36, 'Phoebe', 'Sharpe', 245665.27, '2015-07-26', 'psharpec@histats.com', '740-897-1063', 'Marathi', 12),
(21, 'Grace', 'Fosbraey', 233505.5, '2018-02-24', 'gfosbraeyd@amazon.de', '446-169-6589', 'Fijian', 13),
(46, 'Christiane', 'Osborne', 285773.59, '1939-12-18', 'cosbornee@engadget.com', '205-622-1964', 'Tajik', 14),
(30, 'Filmore', 'Gimbrett', 288240.14, '1978-12-16', 'fgimbrettf@symantec.com', '196-536-0656', 'Ndebele', 15),
(32, 'Heriberto', 'Birkhead', 246734.79, '1921-06-25', 'hbirkheadg@discuz.net', '941-554-7957', 'Maltese', 16),
(25, 'Marten', 'Schneider', 156177.13, '1939-12-10', 'mschneiderh@fda.gov', '733-237-8596', 'Gagauz', 17),
(29, 'Cordi', 'Nias', 175779.18, '1997-05-10', 'cniasi@mayoclinic.com', '464-792-9369', 'Gagauz', 18),
(36, 'Yorgo', 'Pulhoster', 276017.7, '1921-04-14', 'ypulhosterj@rakuten.co.jp', '302-462-2619', 'Gagauz', 19),
(39, 'Emlyn', 'Van Baaren', 153457.31, '1934-01-17', 'evanbaarenk@paypal.com', '329-569-6057', 'Estonian', 20),
(18, 'Des', 'Mabone', 124008.24, '2022-12-02', 'dmabonel@cnn.com', '869-790-6542', 'Ndebele', 21),
(30, 'Mar', 'Boow', 130797.2, '1968-06-20', 'mboowm@google.es', '772-588-6651', 'Belarusian', 22),
(48, 'Penrod', 'Blunt', 180918.64, '1941-06-17', 'pbluntn@bloomberg.com', '246-625-9077', 'Mongolian', 23),
(49, 'Wallie', 'Climance', 239082.03, '1989-05-04', 'wclimanceo@reference.com', '965-848-3246', 'Kazakh', 24),
(14, 'Tiphany', 'Collip', 190805.64, '2000-07-25', 'tcollipp@nationalgeographic.com', '948-264-4350', 'Papiamento', 25),
(3, 'Munroe', 'Haimes', 290305.72, '1978-05-19', 'mhaimesq@lycos.com', '995-148-3373', 'Belarusian', 26),
(43, 'Natty', 'Warboys', 149097.61, '2017-02-18', 'nwarboysr@wikispaces.com', '998-713-8507', 'Hindi', 27),
(46, 'Reggie', 'Heffron', 138523.81, '1953-10-09', 'rheffrons@thetimes.co.uk', '742-416-1420', 'Indonesian', 28),
(33, 'Camile', 'Brahm', 122898.93, '1953-12-31', 'cbrahmt@smugmug.com', '397-474-3213', 'New Zealand Sign Language', 29),
(19, 'Leanna', 'Pretty', 94988.9, '1954-10-20', 'lprettyu@smh.com.au', '875-473-4973', 'Montenegrin', 30),
(41, 'Godwin', 'Garmston', 288116.92, '1931-11-20', 'ggarmstonv@accuweather.com', '380-178-6713', 'Khmer', 31),
(50, 'Stephani', 'Greenhall', 60882.29, '1981-08-25', 'sgreenhallw@unblog.fr', '225-487-4948', 'Swedish', 32),
(24, 'Dell', 'Polleye', 258689.66, '1997-02-07', 'dpolleyex@hexun.com', '366-634-1864', 'Punjabi', 33),
(24, 'Bobby', 'Fancet', 66833.33, '1980-12-31', 'bfancety@hao123.com', '952-480-9168', 'Irish Gaelic', 34),
(29, 'Karalee', 'Stooders', 227211.64, '1968-01-22', 'kstoodersz@lycos.com', '352-106-0102', 'Italian', 35),
(10, 'Holly', 'Ellyatt', 286085.56, '1991-07-26', 'hellyatt10@harvard.edu', '547-614-8750', 'Norwegian', 36),
(28, 'Hebert', 'Dhenin', 259453.62, '2012-08-30', 'hdhenin11@gov.uk', '529-155-1741', 'Danish', 37),
(19, 'Koenraad', 'Duncklee', 208955.87, '1972-03-30', 'kduncklee12@t.co', '537-960-1021', 'Lithuanian', 38),
(2, 'Sheena', 'Pulley', 268842.9, '1967-10-12', 'spulley13@baidu.com', '713-462-4198', 'Gujarati', 39),
(45, 'Brittne', 'Meacher', 140411.65, '1986-05-30', 'bmeacher14@rediff.com', '142-449-8075', 'New Zealand Sign Language', 40),
(22, 'Charla', 'Jezzard', 66091.82, '1961-07-11', 'cjezzard15@nyu.edu', '526-571-8525', 'Māori', 41),
(15, 'Miquela', 'Fone', 243016.18, '2021-04-12', 'mfone16@amazon.co.uk', '372-941-5680', 'Korean', 42),
(3, 'Kelsi', 'Burth', 167114.18, '1987-02-02', 'kburth17@icq.com', '842-475-8205', 'Lao', 43),
(12, 'Corey', 'Konig', 264479.63, '1936-01-11', 'ckonig18@va.gov', '464-785-2104', 'West Frisian', 44),
(19, 'Jere', 'Shaddock', 61740.88, '1912-11-26', 'jshaddock19@ow.ly', '729-832-8525', 'Spanish', 45),
(31, 'Ray', 'Berthelmot', 235181.49, '1973-08-14', 'rberthelmot1a@noaa.gov', '108-307-0275', 'Norwegian', 46),
(49, 'Woodman', 'Ryles', 81988.79, '1983-12-21', 'wryles1b@behance.net', '283-543-3214', 'Thai', 47),
(36, 'Nikki', 'Denington', 95383.81, '1956-11-05', 'ndenington1c@mayoclinic.com', '878-736-2690', 'Lithuanian', 48),
(25, 'Allegra', 'Spickett', 130857.61, '1992-12-28', 'aspickett1d@dagondesign.com', '894-663-0430', 'Kannada', 49);


-- Sample data for passenger table
INSERT INTO passenger (fName, lName, phone, sex, birthDate, email, street, zipcode, state, country, tripAdvisorID) VALUES
('Abel', 'Micheli', '508-952-5784', 'Male', '2008-03-17', 'amicheli0@seesaa.net', '35 Riverside Point', '84875', 'MA', 'United States', 40),
('Britni', 'Moylan', '610-496-3004', 'Female', '1937-06-15', 'bmoylan1@surveymonkey.com', '64496 Carey Parkway', '295', 'PA', 'United States', 30),
('Rubetta', 'Klimov', '918-959-4145', 'Female', '1927-11-28', 'rklimov2@booking.com', '06770 Browning Pass', '56649', 'OK', 'United States', 44),
('Sylvester', 'Hallsworth', '281-798-1453', 'Male', '2014-08-31', 'shallsworth3@arstechnica.com', '1 Evergreen Trail', '83282', 'TX', 'United States', 8),
('Ray', 'Wiley', '662-324-7708', 'Male', '1948-09-15', 'rwiley4@rambler.ru', '5582 Center Trail', '65148', 'MS', 'United States', 1),
('Janeta', 'Titchard', '619-125-2861', 'Female', '1930-11-19', 'jtitchard5@patch.com', '12 Algoma Alley', '43527', 'CA', 'United States', 45),
('Carce', 'Losebie', '408-377-9973', 'Agender', '1977-11-15', 'closebie6@narod.ru', '25 Eastwood Way', '93501', 'CA', 'United States', 9),
('Barby', 'Cozins', '757-100-6218', 'Female', '2022-01-03', 'bcozins7@yellowpages.com', '0894 Kropf Alley', '14653', 'VA', 'United States', 39),
('Bonnie', 'Benardeau', '213-257-8509', 'Female', '1908-01-13', 'bbenardeau8@people.com.cn', '384 Parkside Hill', '24497', 'CA', 'United States', 3),
('Irvine', 'OLoughane', '830-600-6750', 'Male', '1961-01-06', 'ioloughane9@cornell.edu', '514 Butterfield Road', '38046', 'TX', 'United States', 32),
('Kelsy', 'Smissen', '513-193-2657', 'Female', '1941-02-15', 'ksmissena@wisc.edu', '309 Jay Point', '63523', 'OH', 'United States', 34),
('Chrystal', 'Seedhouse', '770-837-3410', 'Agender', '1936-04-09', 'cseedhouseb@parallels.com', '9370 Alpine Avenue', '56195', 'GA', 'United States', 37),
('Irma', 'Ranshaw', '419-923-5459', 'Female', '2020-09-23', 'iranshawc@microsoft.com', '3484 Huxley Parkway', '85416', 'OH', 'United States', 25),
('Federica', 'Capnor', '414-808-2449', 'Female', '1915-04-18', 'fcapnord@arizona.edu', '97 Clyde Gallagher Avenue', '247', 'WI', 'United States', 33),
('Ragnar', 'Litchmore', '812-466-5273', 'Genderqueer', '1982-11-01', 'rlitchmoree@google.de', '04 Homewood Pass', '61210', 'IN', 'United States', 50),
('Ayn', 'Hassen', '310-674-7620', 'Genderqueer', '2001-04-18', 'ahassenf@scribd.com', '8 Bayside Parkway', '16565', 'CA', 'United States', 5),
('Hunter', 'Sinderson', '913-463-3776', 'Male', '1983-12-11', 'hsindersong@bigcartel.com', '82000 Carberry Trail', '2685', 'KS', 'United States', 50),
('Margalo', 'Denisovo', '801-173-0336', 'Female', '1987-12-01', 'mdenisovoh@taobao.com', '2 Lunder Way', '45615', 'UT', 'United States', 27),
('Ker', 'Wallice', '267-733-9966', 'Male', '1930-11-18', 'kwallicei@ehow.com', '6 Oak Lane', '94310', 'PA', 'United States', 30),
('Bar', 'Coverdill', '405-851-3142', 'Male', '1979-09-17', 'bcoverdillj@jugem.jp', '80608 Surrey Junction', '98807', 'OK', 'United States', 49),
('Fabe', 'Doud', '206-424-5369', 'Male', '1934-11-28', 'fdoudk@sakura.ne.jp', '43442 Raven Place', '57475', 'WA', 'United States', 19),
('Marlo', 'Balleine', '202-523-6523', 'Male', '2019-07-05', 'mballeinel@dion.ne.jp', '03 Merchant Court', '38157', 'DC', 'United States', 45),
('Nerissa', 'Swaine', '718-143-2173', 'Bigender', '1942-05-27', 'nswainem@gov.uk', '79 Becker Court', '88784', 'NY', 'United States', 5),
('Agnes', 'Hoy', '626-678-2101', 'Female', '1993-10-27', 'ahoyn@ihg.com', '646 Transport Avenue', '74660', 'CA', 'United States', 35),
('Josiah', 'Filov', '704-189-3398', 'Male', '1922-06-18', 'jfilovo@admin.ch', '9003 Stephen Place', '94439', 'NC', 'United States', 6),
('Mar', 'MacAloren', '803-957-9146', 'Male', '1902-06-30', 'mmacalorenp@google.com.au', '7594 Hovde Alley', '64072', 'SC', 'United States', 43),
('Darlleen', 'Lottrington', '423-882-4687', 'Female', '1950-08-09', 'dlottringtonq@ebay.co.uk', '3 Pierstorff Junction', '25774', 'TN', 'United States', 37),
('Yolanthe', 'Nyssen', '309-475-9190', 'Female', '1923-12-30', 'ynyssenr@linkedin.com', '2 Straubel Terrace', '99426', 'IL', 'United States', 34),
('Selma', 'Sizeland', '304-608-5074', 'Female', '1964-09-02', 'ssizelands@jimdo.com', '280 Forest Dale Plaza', '40421', 'WV', 'United States', 16),
('Prentiss', 'Gommowe', '626-910-9686', 'Bigender', '1995-09-30', 'pgommowet@t.co', '1436 Ramsey Lane', '8447', 'CA', 'United States', 21),
('Ali', 'Cleen', '203-761-2639', 'Male', '2020-07-05', 'acleenu@dyndns.org', '7449 Ridgeway Lane', '30443', 'CT', 'United States', 21),
('Leisha', 'Maddams', '352-213-2221', 'Female', '1966-01-06', 'lmaddamsv@flickr.com', '50 Johnson Plaza', '65108', 'FL', 'United States', 7),
('Sheree', 'Fearey', '843-820-7781', 'Female', '2000-02-02', 'sfeareyw@squarespace.com', '27310 Armistice Court', '84832', 'SC', 'United States', 39),
('Keene', 'Atherton', '847-192-5271', 'Male', '1953-02-14', 'kathertonx@usgs.gov', '32 Luster Drive', '28329', 'IL', 'United States', 34),
('Nancie', 'Tressler', '508-400-9314', 'Female', '1902-11-13', 'ntresslery@google.co.jp', '67052 Stuart Circle', '97050', 'MA', 'United States', 40),
('Geoff', 'Guiet', '202-918-4734', 'Male', '2014-06-16', 'gguietz@nymag.com', '48917 Sunnyside Hill', '9613', 'DC', 'United States', 12),
('Tracey', 'Raysdale', '917-235-8439', 'Genderqueer', '1971-05-29', 'traysdale10@si.edu', '7510 Moland Park', '34902', 'NY', 'United States', 8),
('Mattias', 'Bennell', '775-859-8783', 'Male', '1978-09-23', 'mbennell11@goo.ne.jp', '6 Randy Point', '14136', 'NV', 'United States', 19),
('Jacquette', 'Shafto', '234-464-4844', 'Agender', '1949-07-18', 'jshafto12@adobe.com', '51764 Michigan Point', '2267', 'OH', 'United States', 23),
('Hurleigh', 'Reaper', '702-473-6725', 'Male', '1974-10-06', 'hreaper13@pinterest.com', '3190 Grover Avenue', '43651', 'NV', 'United States', 4),
('Roxy', 'Piatti', '205-763-7066', 'Female', '1916-12-23', 'rpiatti14@constantcontact.com', '86066 Farmco Alley', '11726', 'AL', 'United States', 21),
('Karlen', 'Leband', '540-556-1133', 'Female', '1972-09-04', 'kleband15@ox.ac.uk', '3 Logan Road', '91493', 'VA', 'United States', 45),
('Julee', 'Guyver', '281-586-0817', 'Female', '1913-01-11', 'jguyver16@ebay.co.uk', '87 Pierstorff Place', '42534', 'TX', 'United States', 50),
('Kippie', 'Curlis', '781-483-0809', 'Female', '1985-05-02', 'kcurlis17@gizmodo.com', '67119 Grasskamp Hill', '94993', 'MA', 'United States', 20),
('Jim', 'Labdon', '917-404-1681', 'Male', '1932-09-13', 'jlabdon18@home.pl', '9679 Transport Parkway', '79358', 'NY', 'United States', 40),
('Beltran', 'Pickover', '816-177-8065', 'Male', '1910-06-25', 'bpickover19@liveinternet.ru', '241 Blue Bill Park Circle', '77702', 'MO', 'United States', 16),
('Elias', 'Yeates', '862-542-6549', 'Male', '1928-04-20', 'eyeates1a@skype.com', '29844 Duke Junction', '26825', 'NJ', 'United States', 35),
('Lebbie', 'Shapera', '215-517-3830', 'Female', '1999-03-07', 'lshapera1b@google.co.uk', '77998 Debra Place', '89657', 'PA', 'United States', 3),
('Lesya', 'Nunn', '402-774-3320', 'Female', '1986-01-17', 'lnunn1c@youku.com', '01 American Drive', '10188', 'NE', 'United States', 8),
('Alon', 'MacNeilly', '903-480-6239', 'Male', '1954-09-14', 'amacneilly1d@dot.gov', '01 Pierstorff Circle', '9684', 'TX', 'United States', 31);


-- Sample data for ticket table
INSERT INTO ticket (flightID, seatNum, class, price, boardingGroup, passengerID) VALUES
(46, 1, 'Business', 19167.8, 3, 1),
(7, 2, 'Business', 9666.99, 2, 1),
(17, 3, 'Business', 14597.71, 3, 1),
(50, 4, 'Business', 3424.81, 1, 1),
(31, 5, 'Business', 19803.8, 1, 1),
(49, 6, 'Business', 9446.58, 4, 30),
(35, 7, 'First', 17442.19, 5, 29),
(17, 8, 'Economy', 1805.05, 2, 10),
(5, 9, 'First', 11680.61, 3, 35),
(44, 10, 'Economy', 5135.23, 5, 24),
(50, 11, 'Economy', 11010.91, 4, 47),
(14, 12, 'Economy', 9634.69, 1, 34),
(33, 13, 'First', 4375.24, 2, 40),
(14, 14, 'Economy', 6209.87, 2, 32),
(28, 15, 'First', 7004.67, 1, 11),
(42, 16, 'Economy', 14831.57, 2, 41),
(47, 17, 'Economy', 3376.35, 2, 12),
(44, 18, 'Business', 16898.72, 1, 47),
(19, 19, 'Economy', 18672.76, 4, 45),
(8, 20, 'Economy', 2734.8, 1, 18),
(46, 21, 'Economy', 4851.51, 3, 47),
(24, 22, 'First', 19045.71, 4, 42),
(44, 23, 'Economy', 143.05, 4, 30),
(7, 24, 'First', 19633.97, 3, 37),
(46, 25, 'Economy', 3641.93, 4, 29),
(5, 26, 'Business', 6122.26, 5, 3),
(5, 27, 'Economy', 4909.72, 1, 38),
(12, 28, 'First', 18379.52, 2, 50),
(17, 29, 'Business', 2736.93, 1, 6),
(40, 30, 'Business', 2306.39, 5, 2),
(25, 31, 'Business', 19016.04, 2, 46),
(24, 32, 'Business', 19407.76, 4, 41),
(18, 33, 'Business', 14842.42, 2, 2),
(32, 34, 'Economy', 5149.86, 4, 24),
(2, 35, 'Economy', 1415.98, 1, 25),
(24, 36, 'First', 5823.76, 5, 46),
(29, 37, 'Economy', 5963.32, 3, 39),
(27, 38, 'Business', 12737.04, 2, 33),
(48, 39, 'Economy', 13854.51, 2, 19),
(36, 40, 'Business', 19132, 4, 24),
(38, 41, 'First', 3030.24, 4, 13),
(41, 42, 'Business', 4616.04, 3, 25),
(25, 43, 'Business', 6391.6, 1, 16),
(7, 44, 'First', 4071.29, 1, 43),
(47, 45, 'First', 7421.45, 4, 35),
(8, 46, 'Business', 8216.65, 1, 17),
(45, 47, 'Business', 17411.6, 3, 7),
(26, 48, 'First', 10858.72, 1, 29),
(50, 49, 'Business', 10943.95, 1, 15),
(3, 50, 'Business', 305.96, 5, 5);


-- Sample data for baggage table
INSERT INTO baggage (baggageID, passengerID, ticketID, flightID, bagWeight) VALUES
(1, 1, 4, 4, 100),
(2, 1, 32, 9, 37),
(3, 1, 43, 46, 80),
(4, 1, 4, 28, 61),
(5, 1, 40, 37, 107),
(6, 1, 36, 4, 23),
(7, 1, 44, 4, 37),
(8, 1, 31, 48, 40),
(9, 1, 28, 25, 120),
(10, 24, 13, 47, 7),
(11, 47, 32, 29, 27),
(12, 34, 46, 35, 67),
(13, 40, 12, 36, 106),
(14, 32, 13, 21, 52),
(15, 11, 48, 46, 66),
(16, 41, 30, 30, 103),
(17, 12, 15, 32, 51),
(18, 47, 27, 25, 27),
(19, 45, 15, 29, 98),
(20, 18, 29, 36, 48),
(21, 47, 24, 39, 20),
(22, 42, 25, 18, 55),
(23, 30, 26, 30, 117),
(24, 37, 2, 48, 69),
(25, 29, 14, 49, 105),
(26, 3, 10, 14, 3),
(27, 38, 34, 3, 29),
(28, 50, 35, 43, 59),
(29, 6, 37, 46, 60),
(30, 2, 3, 33, 22),
(31, 46, 17, 19, 57),
(32, 41, 23, 41, 52),
(33, 2, 28, 50, 89),
(34, 24, 39, 24, 102),
(35, 25, 12, 24, 16),
(36, 46, 4, 29, 13),
(37, 39, 18, 10, 75),
(38, 33, 2, 28, 42),
(39, 19, 11, 19, 104),
(40, 24, 16, 2, 26),
(41, 13, 41, 45, 65),
(42, 25, 8, 22, 106),
(43, 16, 46, 15, 13),
(44, 43, 29, 3, 55),
(45, 35, 24, 12, 79),
(46, 17, 19, 19, 30),
(47, 7, 1, 31, 29),
(48, 29, 48, 49, 23),
(49, 15, 36, 36, 56),
(50, 5, 10, 25, 43);

-- Sample data for crew table
INSERT INTO crew (employeeID, flightID) VALUES
(1, 1),
(2, 1),
(3, 1),
(4, 1),
(5, 1),
(6, 1),
(7, 1),
(8, 1),
(9, 1),
(10, 1),
(11, 2),
(12, 2),
(13, 2),
(14, 2),
(15, 2),
(16, 2),
(17, 2),
(18, 2),
(19, 2),
(20, 2),
(21, 3),
(22, 3),
(23, 3),
(24, 3),
(25, 3),
(26, 3),
(27, 3),
(28, 3),
(29, 3),
(30, 3),
(31, 4),
(32, 4),
(33, 4),
(34, 4),
(35, 4),
(36, 4),
(37, 4),
(38, 4),
(39, 4),
(40, 4),
(41, 5),
(42, 5),
(43, 5),
(44, 5),
(45, 5),
(46, 5),
(47, 5),
(48, 5),
(49, 5),
(50, 5),
(1, 6),
(2, 6),
(3, 6),
(4, 6),
(5, 6),
(6, 6),
(7, 6),
(8, 6),
(9, 6),
(10, 6),
(11, 7),
(12, 7),
(13, 7),
(14, 7),
(15, 7),
(16, 7),
(17, 7),
(18, 7),
(19, 7),
(20, 7),
(21, 8),
(22, 8),
(23, 8),
(24, 8),
(25, 8),
(26, 8),
(27, 8),
(28, 8),
(29, 8),
(30, 8),
(31, 9),
(32, 9),
(33, 9),
(34, 9),
(35, 9),
(36, 9),
(37, 9),
(38, 9),
(39, 9),
(40, 9),
(41, 10),
(42, 10),
(43, 10),
(44, 10),
(45, 10),
(46, 10),
(47, 10),
(48, 10),
(49, 10),
(50, 10),
(1, 11),
(2, 11),
(3, 11),
(4, 11),
(5, 11),
(6, 11),
(7, 11),
(8, 11),
(9, 11),
(10, 11),
(11, 12),
(12, 12),
(13, 12),
(14, 12),
(15, 12),
(16, 12),
(17, 12),
(18, 12),
(19, 12),
(20, 12),
(21, 13),
(22, 13),
(23, 13),
(24, 13),
(25, 13),
(26, 13),
(27, 13),
(28, 13),
(29, 13),
(30, 13),
(31, 14),
(32, 14),
(33, 14),
(34, 14),
(35, 14),
(36, 14),
(37, 14),
(38, 14),
(39, 14),
(40, 14),
(41, 15),
(42, 15),
(43, 15),
(44, 15),
(45, 15),
(46, 15),
(47, 15),
(48, 15),
(49, 15),
(50, 15),
(1, 16),
(2, 16),
(3, 16),
(4, 16),
(5, 16),
(6, 16),
(7, 16),
(8, 16),
(9, 16),
(10, 16),
(11, 17),
(12, 17),
(13, 17),
(14, 17),
(15, 17),
(16, 17),
(17, 17),
(18, 17),
(19, 17),
(20, 17),
(21, 18),
(22, 18),
(23, 18),
(24, 18),
(25, 18),
(26, 18),
(27, 18),
(28, 18),
(29, 18),
(30, 18),
(31, 19),
(32, 19),
(33, 19),
(34, 19),
(35, 19),
(36, 19),
(37, 19),
(38, 19),
(39, 19),
(40, 19),
(41, 20),
(42, 20),
(43, 20),
(44, 20),
(45, 20),
(46, 20),
(47, 20),
(48, 20),
(49, 20);
